{
  "best_threshold_f1": 0.5581231713294983,
  "best_threshold_youdenJ": 0.5379481315612793,
  "pr_auc": 0.2418227081474367,
  "val_positive_rate": 0.0625
}