{
  "best_threshold_f1": 0.5744187831878662,
  "best_threshold_youdenJ": 0.575329065322876,
  "pr_auc": 0.22031051830578657
}