{
  "best_threshold_f1": 0.6031041741371155,
  "best_threshold_youdenJ": 0.5283664464950562,
  "pr_auc": 0.2846969864668402,
  "val_positive_rate": 0.0625
}